{
    "name": "root",
    "gauges": {
        "ExtrovertBehavior.Policy.Entropy.mean": {
            "value": 1.3775521516799927,
            "min": 1.3775142431259155,
            "max": 1.4248542785644531,
            "count": 999
        },
        "ExtrovertBehavior.Policy.Entropy.sum": {
            "value": 13753.48046875,
            "min": 9182.501953125,
            "max": 23247.884765625,
            "count": 999
        },
        "ExtrovertBehavior.Step.mean": {
            "value": 9999976.0,
            "min": 9984.0,
            "max": 9999976.0,
            "count": 1000
        },
        "ExtrovertBehavior.Step.sum": {
            "value": 9999976.0,
            "min": 9984.0,
            "max": 9999976.0,
            "count": 1000
        },
        "ExtrovertBehavior.Policy.ExtrinsicBaselineEstimate.mean": {
            "value": -7.079616069793701,
            "min": -13.473356246948242,
            "max": 0.5602520704269409,
            "count": 1000
        },
        "ExtrovertBehavior.Policy.ExtrinsicBaselineEstimate.sum": {
            "value": -1196.455078125,
            "min": -2668.7412109375,
            "max": 87.39932250976562,
            "count": 1000
        },
        "ExtrovertBehavior.Policy.ExtrinsicValueEstimate.mean": {
            "value": -7.069354057312012,
            "min": -13.647850036621094,
            "max": 0.5211966633796692,
            "count": 1000
        },
        "ExtrovertBehavior.Policy.ExtrinsicValueEstimate.sum": {
            "value": -1194.7208251953125,
            "min": -2670.85107421875,
            "max": 81.30667877197266,
            "count": 1000
        },
        "ExtrovertBehavior.IsTraining.mean": {
            "value": 1.0,
            "min": 1.0,
            "max": 1.0,
            "count": 1000
        },
        "ExtrovertBehavior.IsTraining.sum": {
            "value": 1.0,
            "min": 1.0,
            "max": 1.0,
            "count": 1000
        },
        "ExtrovertBehavior.Losses.PolicyLoss.mean": {
            "value": 0.11558292056433857,
            "min": 0.08432075061524907,
            "max": 0.4497293460110086,
            "count": 997
        },
        "ExtrovertBehavior.Losses.PolicyLoss.sum": {
            "value": 0.11558292056433857,
            "min": 0.08432075061524907,
            "max": 0.8994586920220172,
            "count": 997
        },
        "ExtrovertBehavior.Losses.ValueLoss.mean": {
            "value": 3.238474162419637,
            "min": 1.7117334604263306,
            "max": 103.07294449011485,
            "count": 997
        },
        "ExtrovertBehavior.Losses.ValueLoss.sum": {
            "value": 3.238474162419637,
            "min": 1.7117334604263306,
            "max": 103.07294449011485,
            "count": 997
        },
        "ExtrovertBehavior.Losses.BaselineLoss.mean": {
            "value": 3.2510659456253053,
            "min": 1.9582823276519776,
            "max": 108.458642578125,
            "count": 997
        },
        "ExtrovertBehavior.Losses.BaselineLoss.sum": {
            "value": 3.2510659456253053,
            "min": 1.9582823276519776,
            "max": 116.44151945710182,
            "count": 997
        },
        "ExtrovertBehavior.Policy.LearningRate.mean": {
            "value": 7.065997647999728e-08,
            "min": 7.065997647999728e-08,
            "max": 0.00029950848016384004,
            "count": 997
        },
        "ExtrovertBehavior.Policy.LearningRate.sum": {
            "value": 7.065997647999728e-08,
            "min": 7.065997647999728e-08,
            "max": 0.00059789556070148,
            "count": 997
        },
        "ExtrovertBehavior.Policy.Epsilon.mean": {
            "value": 0.10002352000000002,
            "min": 0.10002352000000002,
            "max": 0.19983616,
            "count": 997
        },
        "ExtrovertBehavior.Policy.Epsilon.sum": {
            "value": 0.10002352000000002,
            "min": 0.10002352000000002,
            "max": 0.39929852,
            "count": 997
        },
        "ExtrovertBehavior.Policy.Beta.mean": {
            "value": 1.117364799999996e-05,
            "min": 1.117364799999996e-05,
            "max": 0.004991824384,
            "count": 997
        },
        "ExtrovertBehavior.Policy.Beta.sum": {
            "value": 1.117364799999996e-05,
            "min": 1.117364799999996e-05,
            "max": 0.009964996148000001,
            "count": 997
        },
        "ExtrovertBehavior.Environment.EpisodeLength.mean": {
            "value": 158.75,
            "min": 102.81818181818181,
            "max": 319.4166666666667,
            "count": 998
        },
        "ExtrovertBehavior.Environment.EpisodeLength.sum": {
            "value": 5080.0,
            "min": 2408.0,
            "max": 22576.0,
            "count": 998
        },
        "ExtrovertBehavior.Environment.CumulativeReward.mean": {
            "value": -1.802989277532106,
            "min": -16.30144103001926,
            "max": -0.28803144008349124,
            "count": 998
        },
        "ExtrovertBehavior.Environment.CumulativeReward.sum": {
            "value": -57.69565688102739,
            "min": -1193.4297954416252,
            "max": -10.657163283089176,
            "count": 998
        },
        "ExtrovertBehavior.Policy.ExtrinsicReward.mean": {
            "value": -19.33695744286524,
            "min": -75.10437244725854,
            "max": -12.876574377296492,
            "count": 998
        },
        "ExtrovertBehavior.Policy.ExtrinsicReward.sum": {
            "value": -618.7826381716877,
            "min": -6513.719123173505,
            "max": -179.73938504047692,
            "count": 998
        },
        "ExtrovertBehavior.Environment.GroupCumulativeReward.mean": {
            "value": -12.125,
            "min": -14.2,
            "max": -5.2,
            "count": 998
        },
        "ExtrovertBehavior.Environment.GroupCumulativeReward.sum": {
            "value": -388.0,
            "min": -1740.0,
            "max": -52.0,
            "count": 998
        }
    },
    "metadata": {
        "timer_format_version": "0.1.0",
        "start_time_seconds": "1772294722",
        "python_version": "3.10.12 (main, Feb  4 2025, 14:57:36) [GCC 11.4.0]",
        "command_line_arguments": "/home/ale/unity-projects/Dungeon Escape/venv/bin/mlagents-learn Assets/Config/all_extroverts_config.yaml --run-id 4Extroverts_ReducedSocialization --results-dir Assets/Training --force",
        "mlagents_version": "1.1.0",
        "mlagents_envs_version": "1.1.0",
        "communication_protocol_version": "1.5.0",
        "pytorch_version": "2.8.0+cu128",
        "numpy_version": "1.23.5",
        "end_time_seconds": "1772299778"
    },
    "total": 5056.111831233997,
    "count": 1,
    "self": 0.009982360996218631,
    "children": {
        "run_training.setup": {
            "total": 0.009962170999642694,
            "count": 1,
            "self": 0.009962170999642694
        },
        "TrainerController.start_learning": {
            "total": 5056.091886702001,
            "count": 1,
            "self": 0.6689273171687091,
            "children": {
                "TrainerController._reset_env": {
                    "total": 4.843945311000425,
                    "count": 1,
                    "self": 4.843945311000425
                },
                "TrainerController.advance": {
                    "total": 5050.533303684835,
                    "count": 46557,
                    "self": 0.6009529481780191,
                    "children": {
                        "env_step": {
                            "total": 3024.2520828570086,
                            "count": 46557,
                            "self": 2958.178155522888,
                            "children": {
                                "SubprocessEnvManager._take_step": {
                                    "total": 65.66201732743502,