{
    "name": "root",
    "gauges": {
        "AgentBehavior.Policy.Entropy.mean": {
            "value": 1.4522367715835571,
            "min": 1.44381582736969,
            "max": 1.4572677612304688,
            "count": 59
        },
        "AgentBehavior.Policy.Entropy.sum": {
            "value": 14406.1884765625,
            "min": 13929.14453125,
            "max": 17201.37109375,
            "count": 59
        },
        "AgentBehavior.Environment.EpisodeLength.mean": {
            "value": 53.01052631578948,
            "min": 45.287958115183244,
            "max": 62.24074074074074,
            "count": 59
        },
        "AgentBehavior.Environment.EpisodeLength.sum": {
            "value": 10072.0,
            "min": 8650.0,
            "max": 10444.0,
            "count": 59
        },
        "AgentBehavior.Step.mean": {
            "value": 589982.0,
            "min": 9955.0,
            "max": 589982.0,
            "count": 59
        },
        "AgentBehavior.Step.sum": {
            "value": 589982.0,
            "min": 9955.0,
            "max": 589982.0,
            "count": 59
        },
        "AgentBehavior.Policy.ExtrinsicValueEstimate.mean": {
            "value": 8.885496139526367,
            "min": 7.766087055206299,
            "max": 10.23812484741211,
            "count": 59
        },
        "AgentBehavior.Policy.ExtrinsicValueEstimate.sum": {
            "value": 2274.68701171875,
            "min": 1837.4366455078125,
            "max": 2590.24560546875,
            "count": 59
        },
        "AgentBehavior.Environment.CumulativeReward.mean": {
            "value": 11.689863185506118,
            "min": 9.398804261255517,
            "max": 13.335726875750744,
            "count": 59
        },
        "AgentBehavior.Environment.CumulativeReward.sum": {
            "value": 2221.0740052461624,
            "min": 1703.6340044140816,
            "max": 2534.496017873287,
            "count": 59
        },
        "AgentBehavior.Policy.ExtrinsicReward.mean": {
            "value": 11.689863185506118,
            "min": 9.398804261255517,
            "max": 13.335726875750744,
            "count": 59
        },
        "AgentBehavior.Policy.ExtrinsicReward.sum": {
            "value": 2221.0740052461624,
            "min": 1703.6340044140816,
            "max": 2534.496017873287,
            "count": 59
        },
        "AgentBehavior.IsTraining.mean": {
            "value": 1.0,
            "min": 1.0,
            "max": 1.0,
            "count": 59
        },
        "AgentBehavior.IsTraining.sum": {
            "value": 1.0,
            "min": 1.0,
            "max": 1.0,
            "count": 59
        },
        "AgentBehavior.Losses.PolicyLoss.mean": {
            "value": 0.02408694848709274,
            "min": 0.016039794582563143,
            "max": 0.03173906675850351,
            "count": 57
        },
        "AgentBehavior.Losses.PolicyLoss.sum": {
            "value": 0.02408694848709274,
            "min": 0.016039794582563143,
            "max": 0.03173906675850351,
            "count": 57
        },
        "AgentBehavior.Losses.ValueLoss.mean": {
            "value": 6.949893601735433,
            "min": 5.524706522623698,
            "max": 10.21156899134318,
            "count": 57
        },
        "AgentBehavior.Losses.ValueLoss.sum": {
            "value": 6.949893601735433,
            "min": 5.524706522623698,
            "max": 10.21156899134318,
            "count": 57
        },
        "AgentBehavior.Policy.LearningRate.mean": {
            "value": 0.00021216872927710002,
            "min": 0.00021216872927710002,
            "max": 0.00029846355051215003,
            "count": 57
        },
        "AgentBehavior.Policy.LearningRate.sum": {
            "value": 0.00021216872927710002,
            "min": 0.00021216872927710002,
            "max": 0.00029846355051215003,
            "count": 57
        },
        "AgentBehavior.Policy.Epsilon.mean": {
            "value": 0.17072290000000007,
            "min": 0.17072290000000007,
            "max": 0.19948784999999997,
            "count": 57
        },
        "AgentBehavior.Policy.Epsilon.sum": {
            "value": 0.17072290000000007,
            "min": 0.17072290000000007,
            "max": 0.19948784999999997,
            "count": 57
        },
        "AgentBehavior.Policy.Beta.mean": {
            "value": 0.003539072710000002,
            "min": 0.003539072710000002,
            "max": 0.0049744437150000004,
            "count": 57
        },
        "AgentBehavior.Policy.Beta.sum": {
            "value": 0.003539072710000002,
            "min": 0.003539072710000002,
            "max": 0.0049744437150000004,
            "count": 57
        }
    },
    "metadata": {
        "timer_format_version": "0.1.0",
        "start_time_seconds": "1770073791",
        "python_version": "3.10.12 (main, Feb  4 2025, 14:57:36) [GCC 11.4.0]",
        "command_line_arguments": "/home/ale/unity-projects/Dungeon Escape/venv/bin/mlagents-learn Assets/Config/config.yaml --run-id Step2AllRandom --results-dir Assets/Training/ --initialize-from Step1AllRandom --force",
        "mlagents_version": "1.1.0",
        "mlagents_envs_version": "1.1.0",
        "communication_protocol_version": "1.5.0",
        "pytorch_version": "2.8.0+cu128",
        "numpy_version": "1.23.5",
        "end_time_seconds": "1770074188"
    },
    "total": 397.69287689799967,
    "count": 1,
    "self": 0.0023274550003407057,
    "children": {
        "run_training.setup": {
            "total": 0.011643207999441074,
            "count": 1,
            "self": 0.011643207999441074
        },
        "TrainerController.start_learning": {
            "total": 397.6789062349999,
            "count": 1,
            "self": 0.15210774083971046,
            "children": {
                "TrainerController._reset_env": {
                    "total": 4.134567421999236,
                    "count": 1,
                    "self": 4.134567421999236
                },
                "TrainerController.advance": {
                    "total": 393.3740248531576,
                    "count": 16511,
                    "self": 0.13878167913208017,
                    "children": {
                        "env_step": {
                            "total": 331.46662541106343,
                            "count": 16511,
                            "self": 322.13236424423303,
                            "children": {
                                "SubprocessEnvManager._take_step": {
                                    "total": 9.242821018931863,
                                    "count": 16511,
                                    "self": 0.3546356718252355,
                                    "children": {
                                        "TorchPolicy.evaluate": {
                                            "total": 8.888185347106628,
                                            "count": 9317,
                                            "self": 8.888185347106628
                                        }
                                    }
                                },
                                "workers": {
                                    "total": 0.09144014789853827,
                                    "count": 16511,
                                    "self": 0.0,
                                    "children": {
                                        "worker_root": {
                                            "total": 397.48494635703173,
                                            "count": 16511,
                                            "is_parallel": true,
                                            "self": 89.76436270277554,
                                            "children": {
                                                "run_training.setup": {
                                                    "total": 0.0,