{
    "name": "root",
    "gauges": {
        "AgentBehavior.Policy.Entropy.mean": {
            "value": 1.3943456411361694,
            "min": 1.3943456411361694,
            "max": 1.4720737934112549,
            "count": 165
        },
        "AgentBehavior.Policy.Entropy.sum": {
            "value": 14099.623046875,
            "min": 13227.947265625,
            "max": 19165.25,
            "count": 165
        },
        "AgentBehavior.Environment.EpisodeLength.mean": {
            "value": 40.39555555555555,
            "min": 27.891803278688524,
            "max": 101.8203125,
            "count": 165
        },
        "AgentBehavior.Environment.EpisodeLength.sum": {
            "value": 9089.0,
            "min": 6627.0,
            "max": 20781.0,
            "count": 165
        },
        "AgentBehavior.Step.mean": {
            "value": 1649942.0,
            "min": 9964.0,
            "max": 1649942.0,
            "count": 165
        },
        "AgentBehavior.Step.sum": {
            "value": 1649942.0,
            "min": 9964.0,
            "max": 1649942.0,
            "count": 165
        },
        "AgentBehavior.Policy.ExtrinsicValueEstimate.mean": {
            "value": 11.182645797729492,
            "min": 4.940310955047607,
            "max": 11.49281120300293,
            "count": 165
        },
        "AgentBehavior.Policy.ExtrinsicValueEstimate.sum": {
            "value": 3086.41015625,
            "min": 1071.462646484375,
            "max": 3303.32373046875,
            "count": 165
        },
        "AgentBehavior.Environment.CumulativeReward.mean": {
            "value": 14.769938036335839,
            "min": 4.2217705867329585,
            "max": 15.126610864052731,
            "count": 165
        },
        "AgentBehavior.Environment.CumulativeReward.sum": {
            "value": 3323.236058175564,
            "min": 1015.2440205812454,
            "max": 3560.670067191124,
            "count": 165
        },
        "AgentBehavior.Policy.ExtrinsicReward.mean": {
            "value": 14.769938036335839,
            "min": 4.2217705867329585,
            "max": 15.126610864052731,
            "count": 165
        },
        "AgentBehavior.Policy.ExtrinsicReward.sum": {
            "value": 3323.236058175564,
            "min": 1015.2440205812454,
            "max": 3560.670067191124,
            "count": 165
        },
        "AgentBehavior.Losses.PolicyLoss.mean": {
            "value": 0.18559931648584704,
            "min": 0.1096407864553233,
            "max": 0.3438165054346124,
            "count": 165
        },
        "AgentBehavior.Losses.PolicyLoss.sum": {
            "value": 0.3711986329716941,
            "min": 0.1096407864553233,
            "max": 0.6876330108692248,
            "count": 165
        },
        "AgentBehavior.Losses.ValueLoss.mean": {
            "value": 4.411201238632202,
            "min": 2.583927994966507,
            "max": 42.36557737986247,
            "count": 165
        },
        "AgentBehavior.Losses.ValueLoss.sum": {
            "value": 8.822402477264404,
            "min": 2.7608482042948403,
            "max": 84.73115475972494,
            "count": 165
        },
        "AgentBehavior.Policy.LearningRate.mean": {
            "value": 5.313990728672499e-05,
            "min": 5.313990728672499e-05,
            "max": 0.000298977000341,
            "count": 165
        },
        "AgentBehavior.Policy.LearningRate.sum": {
            "value": 0.00010627981457344998,
            "min": 5.618888127039999e-05,
            "max": 0.000597954000682,
            "count": 165
        },
        "AgentBehavior.Policy.Epsilon.mean": {
            "value": 0.117713275,
            "min": 0.117713275,
            "max": 0.19965900000000003,
            "count": 165
        },
        "AgentBehavior.Policy.Epsilon.sum": {
            "value": 0.23542655,
            "min": 0.1187296,
            "max": 0.39931800000000006,
            "count": 165
        },
        "AgentBehavior.Policy.Beta.mean": {
            "value": 0.0008938924224999997,
            "min": 0.0008938924224999997,
            "max": 0.004982984100000001,
            "count": 165
        },
        "AgentBehavior.Policy.Beta.sum": {
            "value": 0.0017877848449999994,
            "min": 0.0009446070400000001,
            "max": 0.009965968200000001,
            "count": 165
        },
        "AgentBehavior.IsTraining.mean": {
            "value": 1.0,
            "min": 1.0,
            "max": 1.0,
            "count": 165
        },
        "AgentBehavior.IsTraining.sum": {
            "value": 1.0,
            "min": 1.0,
            "max": 1.0,
            "count": 165
        }
    },
    "metadata": {
        "timer_format_version": "0.1.0",
        "start_time_seconds": "1770420459",
        "python_version": "3.10.12 (main, Feb  4 2025, 14:57:36) [GCC 11.4.0]",
        "command_line_arguments": "/home/ale/unity-projects/Dungeon Escape/venv/bin/mlagents-learn Assets/Config/config.yaml --run-id Step2NewObservations --results-dir Assets/Training/ --initialize-from Step1NewObservations",
        "mlagents_version": "1.1.0",
        "mlagents_envs_version": "1.1.0",
        "communication_protocol_version": "1.5.0",
        "pytorch_version": "2.8.0+cu128",
        "numpy_version": "1.23.5",
        "end_time_seconds": "1770421766"
    },
    "total": 1307.3308246289998,
    "count": 1,
    "self": 0.0021898179984418675,
    "children": {
        "run_training.setup": {
            "total": 0.011056396000640234,
            "count": 1,
            "self": 0.011056396000640234
        },
        "TrainerController.start_learning": {
            "total": 1307.3175784150008,
            "count": 1,
            "self": 0.3088200392485305,
            "children": {
                "TrainerController._reset_env": {
                    "total": 18.61034715200003,
                    "count": 1,
                    "self": 18.61034715200003
                },
                "TrainerController.advance": {
                    "total": 1288.3647287027488,
                    "count": 30551,
                    "self": 0.27275213572283974,
                    "children": {
                        "env_step": {
                            "total": 1133.905523309204,
                            "count": 30551,
                            "self": 1116.303268074098,
                            "children": {
                                "SubprocessEnvManager._take_step": {
                                    "total": 17.421560713897634,
                                    "count": 30551,
                                    "self": 1.3042746106730192,
                                    "children": {
                                        "TorchPolicy.evaluate": {
                                            "total": 16.117286103224615,
                                            "count": 12967,
                                            "self": 16.117286103224615
                                        }
                                    }
                                },
                                "workers": {
                                    "total": 0.18069452120835194,
                                    "count": 30550,
                                    "self": 0.0,
                                    "children": {
                                        "worker_root": {
                                            "total": 1306.8124381924063,
                                            "count": 30550,
                                            "is_parallel": true,
                                            "self": 234.2328502543096,
                                            "children": {
                                                "run_training.setup": {
                                                    "total": 0.0,