{
    "name": "root",
    "gauges": {
        "AgentBehavior.Policy.Entropy.mean": {
            "value": 1.361441969871521,
            "min": 1.361428141593933,
            "max": 1.363574743270874,
            "count": 30
        },
        "AgentBehavior.Policy.Entropy.sum": {
            "value": 13451.046875,
            "min": 6926.5634765625,
            "max": 14017.548828125,
            "count": 30
        },
        "AgentBehavior.Environment.EpisodeLength.mean": {
            "value": 118.42168674698796,
            "min": 85.06666666666666,
            "max": 137.8860759493671,
            "count": 30
        },
        "AgentBehavior.Environment.EpisodeLength.sum": {
            "value": 9829.0,
            "min": 2552.0,
            "max": 11214.0,
            "count": 30
        },
        "AgentBehavior.Step.mean": {
            "value": 1999946.0,
            "min": 1709949.0,
            "max": 1999946.0,
            "count": 30
        },
        "AgentBehavior.Step.sum": {
            "value": 1999946.0,
            "min": 1709949.0,
            "max": 1999946.0,
            "count": 30
        },
        "AgentBehavior.Policy.ExtrinsicValueEstimate.mean": {
            "value": 7.409767150878906,
            "min": 6.884978294372559,
            "max": 7.748602390289307,
            "count": 30
        },
        "AgentBehavior.Policy.ExtrinsicValueEstimate.sum": {
            "value": 1459.72412109375,
            "min": 526.9049682617188,
            "max": 1554.48681640625,
            "count": 30
        },
        "AgentBehavior.Environment.CumulativeReward.mean": {
            "value": 17.493638237197715,
            "min": 14.65896643102169,
            "max": 18.427577936505696,
            "count": 30
        },
        "AgentBehavior.Environment.CumulativeReward.sum": {
            "value": 1451.9719736874104,
            "min": 439.7689929306507,
            "max": 1565.9229653179646,
            "count": 30
        },
        "AgentBehavior.Policy.ExtrinsicReward.mean": {
            "value": 17.493638237197715,
            "min": 14.65896643102169,
            "max": 18.427577936505696,
            "count": 30
        },
        "AgentBehavior.Policy.ExtrinsicReward.sum": {
            "value": 1451.9719736874104,
            "min": 439.7689929306507,
            "max": 1565.9229653179646,
            "count": 30
        },
        "AgentBehavior.IsTraining.mean": {
            "value": 1.0,
            "min": 1.0,
            "max": 1.0,
            "count": 30
        },
        "AgentBehavior.IsTraining.sum": {
            "value": 1.0,
            "min": 1.0,
            "max": 1.0,
            "count": 30
        },
        "AgentBehavior.Losses.PolicyLoss.mean": {
            "value": 0.11935162946271399,
            "min": 0.10147073129580046,
            "max": 0.17782313469797373,
            "count": 29
        },
        "AgentBehavior.Losses.PolicyLoss.sum": {
            "value": 0.23870325892542799,
            "min": 0.10147073129580046,
            "max": 0.30895063922119637,
            "count": 29
        },
        "AgentBehavior.Losses.ValueLoss.mean": {
            "value": 2.095732315381368,
            "min": 1.8983966906865437,
            "max": 4.403077443440755,
            "count": 29
        },
        "AgentBehavior.Losses.ValueLoss.sum": {
            "value": 4.191464630762736,
            "min": 1.8983966906865437,
            "max": 5.560635507106781,
            "count": 29
        },
        "AgentBehavior.Policy.LearningRate.mean": {
            "value": 7.113247629249933e-07,
            "min": 7.113247629249933e-07,
            "max": 4.278803573734998e-05,
            "count": 29
        },
        "AgentBehavior.Policy.LearningRate.sum": {
            "value": 1.4226495258499867e-06,
            "min": 1.4226495258499867e-06,
            "max": 7.952357349220002e-05,
            "count": 29
        },
        "AgentBehavior.Policy.Epsilon.mean": {
            "value": 0.10023707500000002,
            "min": 0.10023707500000002,
            "max": 0.11426265000000004,
            "count": 29
        },
        "AgentBehavior.Policy.Epsilon.sum": {
            "value": 0.20047415000000005,
            "min": 0.10085340000000004,
            "max": 0.22650779999999998,
            "count": 29
        },
        "AgentBehavior.Policy.Beta.mean": {
            "value": 2.183004249999989e-05,
            "min": 2.183004249999989e-05,
            "max": 0.0007217062350000002,
            "count": 29
        },
        "AgentBehavior.Policy.Beta.sum": {
            "value": 4.366008499999978e-05,
            "min": 4.366008499999978e-05,
            "max": 0.0013427392200000003,
            "count": 29
        }
    },
    "metadata": {
        "timer_format_version": "0.1.0",
        "start_time_seconds": "1770605290",
        "python_version": "3.10.12 (main, Feb  4 2025, 14:57:36) [GCC 11.4.0]",
        "command_line_arguments": "/home/ale/unity-projects/Dungeon Escape/venv/bin/mlagents-learn Assets/Config/config.yaml --run-id Step4NewEnvironment --results-dir Assets/Training/ --initialize-from Step3NewEnvironment --resume",
        "mlagents_version": "1.1.0",
        "mlagents_envs_version": "1.1.0",
        "communication_protocol_version": "1.5.0",
        "pytorch_version": "2.8.0+cu128",
        "numpy_version": "1.23.5",
        "end_time_seconds": "1770605478"
    },
    "total": 187.99340599800053,
    "count": 1,
    "self": 0.002841693007212598,
    "children": {
        "run_training.setup": {
            "total": 0.011343900994688738,
            "count": 1,
            "self": 0.011343900994688738
        },
        "TrainerController.start_learning": {
            "total": 187.97922040399862,
            "count": 1,
            "self": 0.09026545903179795,
            "children": {
                "TrainerController._reset_env": {
                    "total": 4.597192710003583,
                    "count": 1,
                    "self": 4.597192710003583
                },
                "TrainerController.advance": {
                    "total": 183.25992801596294,
                    "count": 9272,
                    "self": 0.07871864963090047,
                    "children": {
                        "env_step": {
                            "total": 158.26186987336405,
                            "count": 9272,
                            "self": 149.16372053282976,
                            "children": {
                                "SubprocessEnvManager._take_step": {
                                    "total": 9.041545317661075,
                                    "count": 9272,
                                    "self": 0.3368594827115885,
                                    "children": {
                                        "TorchPolicy.evaluate": {
                                            "total": 8.704685834949487,
                                            "count": 7369,
                                            "self": 8.704685834949487
                                        }
                                    }
                                },
                                "workers": {
                                    "total": 0.05660402287321631,
                                    "count": 9272,
                                    "self": 0.0,
                                    "children": {
                                        "worker_root": {
                                            "total": 187.79422045203683,
                                            "count": 9272,
                                            "is_parallel": true,
                                            "self": 46.81479291684809,
                                            "children": {
                                                "run_training.setup": {
                                                    "total": 0.0,