{
    "name": "root",
    "gauges": {
        "AgentBehavior.Policy.Entropy.mean": {
            "value": 1.277414321899414,
            "min": 1.277414321899414,
            "max": 1.2820488214492798,
            "count": 54
        },
        "AgentBehavior.Policy.Entropy.sum": {
            "value": 12263.177734375,
            "min": 5087.169921875,
            "max": 13361.119140625,
            "count": 54
        },
        "AgentBehavior.Environment.EpisodeLength.mean": {
            "value": 63.82119205298013,
            "min": 48.07142857142857,
            "max": 70.92857142857143,
            "count": 54
        },
        "AgentBehavior.Environment.EpisodeLength.sum": {
            "value": 9637.0,
            "min": 1346.0,
            "max": 10285.0,
            "count": 54
        },
        "AgentBehavior.Step.mean": {
            "value": 1999965.0,
            "min": 1469951.0,
            "max": 1999965.0,
            "count": 54
        },
        "AgentBehavior.Step.sum": {
            "value": 1999965.0,
            "min": 1469951.0,
            "max": 1999965.0,
            "count": 54
        },
        "AgentBehavior.Policy.ExtrinsicValueEstimate.mean": {
            "value": 15.988041877746582,
            "min": 15.329949378967285,
            "max": 17.02476692199707,
            "count": 54
        },
        "AgentBehavior.Policy.ExtrinsicValueEstimate.sum": {
            "value": 3485.39306640625,
            "min": 459.668701171875,
            "max": 3753.35107421875,
            "count": 54
        },
        "AgentBehavior.Environment.CumulativeReward.mean": {
            "value": 29.303920127303396,
            "min": 26.78866158656671,
            "max": 30.383776629412615,
            "count": 54
        },
        "AgentBehavior.Environment.CumulativeReward.sum": {
            "value": 4424.891939222813,
            "min": 820.3619689941406,
            "max": 4658.949955701828,
            "count": 54
        },
        "AgentBehavior.Policy.ExtrinsicReward.mean": {
            "value": 29.303920127303396,
            "min": 26.78866158656671,
            "max": 30.383776629412615,
            "count": 54
        },
        "AgentBehavior.Policy.ExtrinsicReward.sum": {
            "value": 4424.891939222813,
            "min": 820.3619689941406,
            "max": 4658.949955701828,
            "count": 54
        },
        "AgentBehavior.IsTraining.mean": {
            "value": 1.0,
            "min": 1.0,
            "max": 1.0,
            "count": 54
        },
        "AgentBehavior.IsTraining.sum": {
            "value": 1.0,
            "min": 1.0,
            "max": 1.0,
            "count": 54
        },
        "AgentBehavior.Losses.PolicyLoss.mean": {
            "value": 0.13517222454150518,
            "min": 0.11127357822842895,
            "max": 0.19396299285193283,
            "count": 53
        },
        "AgentBehavior.Losses.PolicyLoss.sum": {
            "value": 0.27034444908301036,
            "min": 0.11127357822842895,
            "max": 0.3568005745920042,
            "count": 53
        },
        "AgentBehavior.Losses.ValueLoss.mean": {
            "value": 5.983069994052251,
            "min": 3.9544265826543175,
            "max": 21.882829360167186,
            "count": 53
        },
        "AgentBehavior.Losses.ValueLoss.sum": {
            "value": 11.966139988104501,
            "min": 4.618795132637024,
            "max": 36.0154447833697,
            "count": 53
        },
        "AgentBehavior.Policy.LearningRate.mean": {
            "value": 8.033497322500001e-07,
            "min": 8.033497322500001e-07,
            "max": 7.857172380944997e-05,
            "count": 53
        },
        "AgentBehavior.Policy.LearningRate.sum": {
            "value": 1.6066994645000001e-06,
            "min": 1.6066994645000001e-06,
            "max": 0.00015190289936575002,
            "count": 53
        },
        "AgentBehavior.Policy.Epsilon.mean": {
            "value": 0.10026775,
            "min": 0.10026775,
            "max": 0.12619055,
            "count": 53
        },
        "AgentBehavior.Policy.Epsilon.sum": {
            "value": 0.2005355,
            "min": 0.10081035000000003,
            "max": 0.25063425,
            "count": 53
        },
        "AgentBehavior.Policy.Beta.mean": {
            "value": 2.3360725e-05,
            "min": 2.3360725e-05,
            "max": 0.0013169084450000003,
            "count": 53
        },
        "AgentBehavior.Policy.Beta.sum": {
            "value": 4.672145e-05,
            "min": 4.672145e-05,
            "max": 0.002546649075,
            "count": 53
        }
    },
    "metadata": {
        "timer_format_version": "0.1.0",
        "start_time_seconds": "1770311060",
        "python_version": "3.10.12 (main, Feb  4 2025, 14:57:36) [GCC 11.4.0]",
        "command_line_arguments": "/home/ale/unity-projects/Dungeon Escape/venv/bin/mlagents-learn Assets/Config/config.yaml --run-id Step4WithMemory --results-dir Assets/Training/ --resume",
        "mlagents_version": "1.1.0",
        "mlagents_envs_version": "1.1.0",
        "communication_protocol_version": "1.5.0",
        "pytorch_version": "2.8.0+cu128",
        "numpy_version": "1.23.5",
        "end_time_seconds": "1770311471"
    },
    "total": 410.84894805099975,
    "count": 1,
    "self": 0.00284067599568516,
    "children": {
        "run_training.setup": {
            "total": 0.011280751001322642,
            "count": 1,
            "self": 0.011280751001322642
        },
        "TrainerController.start_learning": {
            "total": 410.83482662400274,
            "count": 1,
            "self": 0.1404738230521616,
            "children": {
                "TrainerController._reset_env": {
                    "total": 4.75283281099837,
                    "count": 1,
                    "self": 4.75283281099837
                },
                "TrainerController.advance": {
                    "total": 405.91045718895475,
                    "count": 14074,
                    "self": 0.12394797216256848,
                    "children": {
                        "env_step": {
                            "total": 356.7277464949548,
                            "count": 14074,
                            "self": 346.16820330690825,
                            "children": {
                                "SubprocessEnvManager._take_step": {
                                    "total": 10.473166845858941,
                                    "count": 14074,
                                    "self": 0.4951306081529765,
                                    "children": {
                                        "TorchPolicy.evaluate": {
                                            "total": 9.978036237705965,
                                            "count": 8327,
                                            "self": 9.978036237705965
                                        }
                                    }
                                },
                                "workers": {
                                    "total": 0.08637634218757739,
                                    "count": 14074,
                                    "self": 0.0,
                                    "children": {
                                        "worker_root": {
                                            "total": 410.61369432118227,
                                            "count": 14074,
                                            "is_parallel": true,
                                            "self": 78.74640836806066,
                                            "children": {
                                                "run_training.setup": {
                                                    "total": 0.0,
                                                    "count": 0,
                                                    "is_parallel": true,