{
    "name": "root",
    "gauges": {
        "AgentBehavior.Policy.Entropy.mean": {
            "value": 1.452818512916565,
            "min": 1.452818512916565,
            "max": 1.452818512916565,
            "count": 1
        },
        "AgentBehavior.Policy.Entropy.sum": {
            "value": 17015.41015625,
            "min": 17015.41015625,
            "max": 17015.41015625,
            "count": 1
        },
        "AgentBehavior.Environment.EpisodeLength.mean": {
            "value": 43.807106598984774,
            "min": 43.807106598984774,
            "max": 43.807106598984774,
            "count": 1
        },
        "AgentBehavior.Environment.EpisodeLength.sum": {
            "value": 8630.0,
            "min": 8630.0,
            "max": 8630.0,
            "count": 1
        },
        "AgentBehavior.Step.mean": {
            "value": 9996.0,
            "min": 9996.0,
            "max": 9996.0,
            "count": 1
        },
        "AgentBehavior.Step.sum": {
            "value": 9996.0,
            "min": 9996.0,
            "max": 9996.0,
            "count": 1
        },
        "AgentBehavior.Policy.ExtrinsicValueEstimate.mean": {
            "value": 10.249792098999023,
            "min": 10.249792098999023,
            "max": 10.249792098999023,
            "count": 1
        },
        "AgentBehavior.Policy.ExtrinsicValueEstimate.sum": {
            "value": 2664.946044921875,
            "min": 2664.946044921875,
            "max": 2664.946044921875,
            "count": 1
        },
        "AgentBehavior.Policy.CuriosityValueEstimate.mean": {
            "value": -0.3419266939163208,
            "min": -0.3419266939163208,
            "max": -0.3419266939163208,
            "count": 1
        },
        "AgentBehavior.Policy.CuriosityValueEstimate.sum": {
            "value": -88.90093994140625,
            "min": -88.90093994140625,
            "max": -88.90093994140625,
            "count": 1
        },
        "AgentBehavior.Environment.CumulativeReward.mean": {
            "value": 10.50043068574025,
            "min": 10.50043068574025,
            "max": 10.50043068574025,
            "count": 1
        },
        "AgentBehavior.Environment.CumulativeReward.sum": {
            "value": 2047.583983719349,
            "min": 2047.583983719349,
            "max": 2047.583983719349,
            "count": 1
        },
        "AgentBehavior.Policy.ExtrinsicReward.mean": {
            "value": 10.50043068574025,
            "min": 10.50043068574025,
            "max": 10.50043068574025,
            "count": 1
        },
        "AgentBehavior.Policy.ExtrinsicReward.sum": {
            "value": 2047.583983719349,
            "min": 2047.583983719349,
            "max": 2047.583983719349,
            "count": 1
        },
        "AgentBehavior.Policy.CuriosityReward.mean": {
            "value": 0.0,
            "min": 0.0,
            "max": 0.0,
            "count": 1
        },
        "AgentBehavior.Policy.CuriosityReward.sum": {
            "value": 0.0,
            "min": 0.0,
            "max": 0.0,
            "count": 1
        },
        "AgentBehavior.IsTraining.mean": {
            "value": 1.0,
            "min": 1.0,
            "max": 1.0,
            "count": 1
        },
        "AgentBehavior.IsTraining.sum": {
            "value": 1.0,
            "min": 1.0,
            "max": 1.0,
            "count": 1
        }
    },
    "metadata": {
        "timer_format_version": "0.1.0",
        "start_time_seconds": "1770077445",
        "python_version": "3.10.12 (main, Feb  4 2025, 14:57:36) [GCC 11.4.0]",
        "command_line_arguments": "/home/ale/unity-projects/Dungeon Escape/venv/bin/mlagents-learn Assets/Config/config.yaml --run-id Step2AllRandomStrongerCuriosityNoStaring --results-dir Assets/Training/ --initialize-from Step1AllRandom --force",
        "mlagents_version": "1.1.0",
        "mlagents_envs_version": "1.1.0",
        "communication_protocol_version": "1.5.0",
        "pytorch_version": "2.8.0+cu128",
        "numpy_version": "1.23.5",
        "end_time_seconds": "1770077462"
    },
    "total": 17.200076277003973,
    "count": 1,
    "self": 0.0022800549922976643,
    "children": {
        "run_training.setup": {
            "total": 0.011662403005175292,
            "count": 1,
            "self": 0.011662403005175292
        },
        "TrainerController.start_learning": {
            "total": 17.1861338190065,
            "count": 1,
            "self": 0.0039035330119077116,
            "children": {
                "TrainerController._reset_env": {
                    "total": 6.59095824999531,
                    "count": 1,
                    "self": 6.59095824999531
                },
                "TrainerController.advance": {
                    "total": 10.51040985500731,
                    "count": 428,
                    "self": 0.003586502069083508,
                    "children": {
                        "env_step": {
                            "total": 8.672265137982322,
                            "count": 428,
                            "self": 8.257412011887936,
                            "children": {
                                "SubprocessEnvManager._take_step": {
                                    "total": 0.41251873906730907,
                                    "count": 428,
                                    "self": 0.009579711033438798,
                                    "children": {
                                        "TorchPolicy.evaluate": {
                                            "total": 0.4029390280338703,
                                            "count": 249,
                                            "self": 0.4029390280338703
                                        }
                                    }
                                },
                                "workers": {
                                    "total": 0.0023343870270764455,
                                    "count": 427,
                                    "self": 0.0,
                                    "children": {
                                        "worker_root": {
                                            "total": 17.10745511503046,
                                            "count": 427,
                                            "is_parallel": true,
                                            "self": 9.565023193048546,
                                            "children": {
                                                "run_training.setup": {
                                                    "total": 0.0,
                                                    "count": 0,
                                                    "is_parallel": true,
                                                    "self": 0.0,
                                                    "children": {
                                                        "steps_from_proto": {
                                                            "total": 0.0011932869965676218,
                                                            "count": 1,
                                                            "is_parallel": true,
                                                            "self": 0.0002785090036923066,
                                                            "children": {
                                                                "_process_rank_one_or_two_observation": {
                                                                    "total": 0.0009147779928753152,
                                                                    "count": 4,
                                                                    "is_parallel": true,