{
    "name": "root",
    "gauges": {
        "AgentBehavior.Policy.Entropy.mean": {
            "value": 1.4515058994293213,
            "min": 1.4189382791519165,
            "max": 1.4515058994293213,
            "count": 65
        },
        "AgentBehavior.Policy.Entropy.sum": {
            "value": 14863.4208984375,
            "min": 12265.5859375,
            "max": 17435.9140625,
            "count": 65
        },
        "AgentBehavior.Environment.EpisodeLength.mean": {
            "value": 46.87619047619047,
            "min": 46.87619047619047,
            "max": 666.1052631578947,
            "count": 65
        },
        "AgentBehavior.Environment.EpisodeLength.sum": {
            "value": 9844.0,
            "min": 1329.0,
            "max": 17728.0,
            "count": 65
        },
        "AgentBehavior.Step.mean": {
            "value": 649983.0,
            "min": 9984.0,
            "max": 649983.0,
            "count": 65
        },
        "AgentBehavior.Step.sum": {
            "value": 649983.0,
            "min": 9984.0,
            "max": 649983.0,
            "count": 65
        },
        "AgentBehavior.Policy.ExtrinsicValueEstimate.mean": {
            "value": 10.89577579498291,
            "min": -0.6020835041999817,
            "max": 10.89577579498291,
            "count": 65
        },
        "AgentBehavior.Policy.ExtrinsicValueEstimate.sum": {
            "value": 2778.4228515625,
            "min": -96.33335876464844,
            "max": 2778.4228515625,
            "count": 65
        },
        "AgentBehavior.Environment.CumulativeReward.mean": {
            "value": 15.216752502180281,
            "min": -5.740285984107426,
            "max": 15.220557307129475,
            "count": 65
        },
        "AgentBehavior.Environment.CumulativeReward.sum": {
            "value": 3195.518025457859,
            "min": -55.08999991416931,
            "max": 3195.518025457859,
            "count": 65
        },
        "AgentBehavior.Policy.ExtrinsicReward.mean": {
            "value": 15.216752502180281,
            "min": -5.740285984107426,
            "max": 15.220557307129475,
            "count": 65
        },
        "AgentBehavior.Policy.ExtrinsicReward.sum": {
            "value": 3195.518025457859,
            "min": -55.08999991416931,
            "max": 3195.518025457859,
            "count": 65
        },
        "AgentBehavior.IsTraining.mean": {
            "value": 1.0,
            "min": 1.0,
            "max": 1.0,
            "count": 65
        },
        "AgentBehavior.IsTraining.sum": {
            "value": 1.0,
            "min": 1.0,
            "max": 1.0,
            "count": 65
        },
        "AgentBehavior.Losses.PolicyLoss.mean": {
            "value": 0.02704293600594004,
            "min": 0.0157801455934532,
            "max": 0.030524182795973805,
            "count": 62
        },
        "AgentBehavior.Losses.PolicyLoss.sum": {
            "value": 0.02704293600594004,
            "min": 0.0157801455934532,
            "max": 0.030524182795973805,
            "count": 62
        },
        "AgentBehavior.Losses.ValueLoss.mean": {
            "value": 1.773201012611389,
            "min": 0.4461430509885152,
            "max": 7.1571362018585205,
            "count": 62
        },
        "AgentBehavior.Losses.ValueLoss.sum": {
            "value": 1.773201012611389,
            "min": 0.4461430509885152,
            "max": 7.1571362018585205,
            "count": 62
        },
        "AgentBehavior.Policy.LearningRate.mean": {
            "value": 0.00020365008211665,
            "min": 0.00020365008211665,
            "max": 0.00029822400059199996,
            "count": 62
        },
        "AgentBehavior.Policy.LearningRate.sum": {
            "value": 0.00020365008211665,
            "min": 0.00020365008211665,
            "max": 0.00029822400059199996,
            "count": 62
        },
        "AgentBehavior.Policy.Epsilon.mean": {
            "value": 0.16788335000000004,
            "min": 0.16788335000000004,
            "max": 0.199408,
            "count": 62
        },
        "AgentBehavior.Policy.Epsilon.sum": {
            "value": 0.16788335000000004,
            "min": 0.16788335000000004,
            "max": 0.199408,
            "count": 62
        },
        "AgentBehavior.Policy.Beta.mean": {
            "value": 0.003397379165000001,
            "min": 0.003397379165000001,
            "max": 0.0049704592,
            "count": 62
        },
        "AgentBehavior.Policy.Beta.sum": {
            "value": 0.003397379165000001,
            "min": 0.003397379165000001,
            "max": 0.0049704592,
            "count": 62
        }
    },
    "metadata": {
        "timer_format_version": "0.1.0",
        "start_time_seconds": "1770047729",
        "python_version": "3.10.12 (main, Feb  4 2025, 14:57:36) [GCC 11.4.0]",
        "command_line_arguments": "/home/ale/unity-projects/Dungeon Escape/venv/bin/mlagents-learn Assets/Config/config.yaml --run-id Step1AllRandom --results-dir Assets/Training/",
        "mlagents_version": "1.1.0",
        "mlagents_envs_version": "1.1.0",
        "communication_protocol_version": "1.5.0",
        "pytorch_version": "2.8.0+cu128",
        "numpy_version": "1.23.5",
        "end_time_seconds": "1770048049"
    },
    "total": 319.34780789900105,
    "count": 1,
    "self": 0.0022036540030967444,
    "children": {
        "run_training.setup": {
            "total": 0.011126800000056392,
            "count": 1,
            "self": 0.011126800000056392
        },
        "TrainerController.start_learning": {
            "total": 319.3344774449979,
            "count": 1,
            "self": 0.15116326580027817,
            "children": {
                "TrainerController._reset_env": {
                    "total": 8.0429646579978,
                    "count": 1,
                    "self": 8.0429646579978
                },
                "TrainerController.advance": {
                    "total": 311.12130129119396,
                    "count": 15728,
                    "self": 0.13416148487158353,
                    "children": {
                        "env_step": {
                            "total": 241.42254210013562,
                            "count": 15728,
                            "self": 231.21123218893626,
                            "children": {
                                "SubprocessEnvManager._take_step": {
                                    "total": 10.123929593872163,
                                    "count": 15728,
                                    "self": 0.3839179297865485,
                                    "children": {
                                        "TorchPolicy.evaluate": {
                                            "total": 9.740011664085614,
                                            "count": 10246,
                                            "self": 9.740011664085614
                                        }
                                    }
                                },
                                "workers": {
                                    "total": 0.0873803173271881,
                                    "count": 15727,
                                    "self": 0.0,
                                    "children": {
                                        "worker_root": {
                                            "total": 319.027689160157,
                                            "count": 15727,
                                            "is_parallel": true,
                                            "self": 103.37205250232364,
                                            "children": {
                                                "run_training.setup": {
                                                    "total": 0.0,
                                                    "count": 0,