{
    "name": "root",
    "gauges": {
        "IntrovertBehavior.Policy.Entropy.mean": {
            "value": 1.3632545471191406,
            "min": 1.3632545471191406,
            "max": 1.429337739944458,
            "count": 999
        },
        "IntrovertBehavior.Policy.Entropy.sum": {
            "value": 14308.7197265625,
            "min": 10281.318359375,
            "max": 23247.884765625,
            "count": 999
        },
        "IntrovertBehavior.Step.mean": {
            "value": 9999955.0,
            "min": 9984.0,
            "max": 9999955.0,
            "count": 1000
        },
        "IntrovertBehavior.Step.sum": {
            "value": 9999955.0,
            "min": 9984.0,
            "max": 9999955.0,
            "count": 1000
        },
        "IntrovertBehavior.Policy.ExtrinsicBaselineEstimate.mean": {
            "value": -3.9717187881469727,
            "min": -12.721914291381836,
            "max": 0.47030746936798096,
            "count": 1000
        },
        "IntrovertBehavior.Policy.ExtrinsicBaselineEstimate.sum": {
            "value": -695.05078125,
            "min": -2340.832275390625,
            "max": 73.36796569824219,
            "count": 1000
        },
        "IntrovertBehavior.Policy.ExtrinsicValueEstimate.mean": {
            "value": -4.081218719482422,
            "min": -13.22411823272705,
            "max": 0.46904051303863525,
            "count": 1000
        },
        "IntrovertBehavior.Policy.ExtrinsicValueEstimate.sum": {
            "value": -714.2132568359375,
            "min": -2386.217529296875,
            "max": 73.17031860351562,
            "count": 1000
        },
        "IntrovertBehavior.IsTraining.mean": {
            "value": 1.0,
            "min": 1.0,
            "max": 1.0,
            "count": 1000
        },
        "IntrovertBehavior.IsTraining.sum": {
            "value": 1.0,
            "min": 1.0,
            "max": 1.0,
            "count": 1000
        },
        "IntrovertBehavior.Losses.PolicyLoss.mean": {
            "value": 0.12321134532491367,
            "min": 0.06993405071552843,
            "max": 0.40653706127777695,
            "count": 996
        },
        "IntrovertBehavior.Losses.PolicyLoss.sum": {
            "value": 0.12321134532491367,
            "min": 0.06993405071552843,
            "max": 0.8130741225555539,
            "count": 996
        },
        "IntrovertBehavior.Losses.ValueLoss.mean": {
            "value": 6.995843076705933,
            "min": 4.448323412736257,
            "max": 35.231174023946124,
            "count": 996
        },
        "IntrovertBehavior.Losses.ValueLoss.sum": {
            "value": 6.995843076705933,
            "min": 4.448323412736257,
            "max": 62.097088261445364,
            "count": 996
        },
        "IntrovertBehavior.Losses.BaselineLoss.mean": {
            "value": 7.035669326782227,
            "min": 4.466300710042318,
            "max": 63.87797393798828,
            "count": 996
        },
        "IntrovertBehavior.Losses.BaselineLoss.sum": {
            "value": 7.035669326782227,
            "min": 4.466300710042318,
            "max": 115.87961861746652,
            "count": 996
        },
        "IntrovertBehavior.Policy.LearningRate.mean": {
            "value": 1.881399373200116e-07,
            "min": 1.881399373200116e-07,
            "max": 0.00029950848016384004,
            "count": 996
        },
        "IntrovertBehavior.Policy.LearningRate.sum": {
            "value": 1.881399373200116e-07,
            "min": 1.881399373200116e-07,
            "max": 0.0005979066006977999,
            "count": 996
        },
        "IntrovertBehavior.Policy.Epsilon.mean": {
            "value": 0.10006268000000004,
            "min": 0.10006268000000004,
            "max": 0.19983616,
            "count": 996
        },
        "IntrovertBehavior.Policy.Epsilon.sum": {
            "value": 0.10006268000000004,
            "min": 0.10006268000000004,
            "max": 0.39930220000000016,
            "count": 996
        },
        "IntrovertBehavior.Policy.Beta.mean": {
            "value": 1.3127732000000197e-05,
            "min": 1.3127732000000197e-05,
            "max": 0.004991824384,
            "count": 996
        },
        "IntrovertBehavior.Policy.Beta.sum": {
            "value": 1.3127732000000197e-05,
            "min": 1.3127732000000197e-05,
            "max": 0.00996517978,
            "count": 996
        },
        "IntrovertBehavior.Environment.EpisodeLength.mean": {
            "value": 333.4,
            "min": 105.0,
            "max": 402.5,
            "count": 998
        },
        "IntrovertBehavior.Environment.EpisodeLength.sum": {
            "value": 13336.0,
            "min": 1480.0,
            "max": 20640.0,
            "count": 998
        },
        "IntrovertBehavior.Environment.CumulativeReward.mean": {
            "value": -3.407526644500526,
            "min": -20.622626185417175,
            "max": 2.6726059019565582,
            "count": 998
        },
        "IntrovertBehavior.Environment.CumulativeReward.sum": {
            "value": -126.07848584651947,
            "min": -742.3955488204956,
            "max": 74.83296525478363,
            "count": 998
        },
        "IntrovertBehavior.Policy.ExtrinsicReward.mean": {
            "value": -9.830680782730514,
            "min": -84.49050712585449,
            "max": 21.833280324935913,
            "count": 998
        },
        "IntrovertBehavior.Policy.ExtrinsicReward.sum": {
            "value": -363.73518896102905,
            "min": -3573.5007090568542,
            "max": 611.3318490982056,
            "count": 998
        },
        "IntrovertBehavior.Environment.GroupCumulativeReward.mean": {
            "value": 2.108108108108108,
            "min": -13.75,
            "max": 18.0,
            "count": 998
        },
        "IntrovertBehavior.Environment.GroupCumulativeReward.sum": {
            "value": 78.0,
            "min": -1680.0,
            "max": 540.0,
            "count": 998
        }
    },
    "metadata": {
        "timer_format_version": "0.1.0",
        "start_time_seconds": "1772103252",
        "python_version": "3.10.12 (main, Feb  4 2025, 14:57:36) [GCC 11.4.0]",
        "command_line_arguments": "/home/ale/unity-projects/Dungeon Escape/venv/bin/mlagents-learn Assets/Config/all_introverts_config.yaml --run-id 4Introverts --results-dir Assets/Training",
        "mlagents_version": "1.1.0",
        "mlagents_envs_version": "1.1.0",
        "communication_protocol_version": "1.5.0",
        "pytorch_version": "2.8.0+cu128",
        "numpy_version": "1.23.5",
        "end_time_seconds": "1772107858"
    },
    "total": 4605.205817608001,
    "count": 1,
    "self": 0.0037203720003162744,
    "children": {
        "run_training.setup": {
            "total": 0.010175652999805607,
            "count": 1,
            "self": 0.010175652999805607
        },
        "TrainerController.start_learning": {
            "total": 4605.191921583,
            "count": 1,
            "self": 0.6703449008728057,
            "children": {
                "TrainerController._reset_env": {
                    "total": 8.295007206000264,
                    "count": 1,
                    "self": 8.295007206000264
                },
                "TrainerController.advance": {
                    "total": 4596.184716606127,
                    "count": 46043,
                    "self": 0.598961290211264,
                    "children": {
                        "env_step": {
                            "total": 2653.4346657870237,
                            "count": 46043,
                            "self": 2588.2602648928178,
                            "children": {
                                "SubprocessEnvManager._take_step": {
                                    "total": 64.76918939112647,
                                    "count": 46043,