{
    "name": "root",
    "gauges": {
        "AgentBehavior.Policy.Entropy.mean": {
            "value": 1.464476466178894,
            "min": 1.4189382791519165,
            "max": 1.464476466178894,
            "count": 56
        },
        "AgentBehavior.Policy.Entropy.sum": {
            "value": 14621.3330078125,
            "min": 11635.1044921875,
            "max": 23247.884765625,
            "count": 56
        },
        "AgentBehavior.Environment.EpisodeLength.mean": {
            "value": 38.40625,
            "min": 37.5019305019305,
            "max": 466.43333333333334,
            "count": 56
        },
        "AgentBehavior.Environment.EpisodeLength.sum": {
            "value": 9832.0,
            "min": 1200.0,
            "max": 16952.0,
            "count": 56
        },
        "AgentBehavior.Step.mean": {
            "value": 559992.0,
            "min": 9997.0,
            "max": 559992.0,
            "count": 56
        },
        "AgentBehavior.Step.sum": {
            "value": 559992.0,
            "min": 9997.0,
            "max": 559992.0,
            "count": 56
        },
        "AgentBehavior.Policy.ExtrinsicValueEstimate.mean": {
            "value": 12.02481460571289,
            "min": -0.23839858174324036,
            "max": 12.062651634216309,
            "count": 56
        },
        "AgentBehavior.Policy.ExtrinsicValueEstimate.sum": {
            "value": 3222.650390625,
            "min": -38.62057113647461,
            "max": 3235.29443359375,
            "count": 56
        },
        "AgentBehavior.Environment.CumulativeReward.mean": {
            "value": 15.46128914761357,
            "min": -2.0592943885747124,
            "max": 15.558686999652696,
            "count": 56
        },
        "AgentBehavior.Environment.CumulativeReward.sum": {
            "value": 3958.090021789074,
            "min": -35.00800460577011,
            "max": 4054.916016936302,
            "count": 56
        },
        "AgentBehavior.Policy.ExtrinsicReward.mean": {
            "value": 15.46128914761357,
            "min": -2.0592943885747124,
            "max": 15.558686999652696,
            "count": 56
        },
        "AgentBehavior.Policy.ExtrinsicReward.sum": {
            "value": 3958.090021789074,
            "min": -35.00800460577011,
            "max": 4054.916016936302,
            "count": 56
        },
        "AgentBehavior.IsTraining.mean": {
            "value": 1.0,
            "min": 1.0,
            "max": 1.0,
            "count": 56
        },
        "AgentBehavior.IsTraining.sum": {
            "value": 1.0,
            "min": 1.0,
            "max": 1.0,
            "count": 56
        },
        "AgentBehavior.Losses.PolicyLoss.mean": {
            "value": 0.14935608942178077,
            "min": 0.09873390489568314,
            "max": 0.20164110955471795,
            "count": 54
        },
        "AgentBehavior.Losses.PolicyLoss.sum": {
            "value": 0.29871217884356155,
            "min": 0.09873390489568314,
            "max": 0.337431023279593,
            "count": 54
        },
        "AgentBehavior.Losses.ValueLoss.mean": {
            "value": 0.9530715992053349,
            "min": 0.6580557446106381,
            "max": 5.036481189727783,
            "count": 54
        },
        "AgentBehavior.Losses.ValueLoss.sum": {
            "value": 1.9061431984106698,
            "min": 0.6580557446106381,
            "max": 8.550342973073324,
            "count": 54
        },
        "AgentBehavior.Policy.LearningRate.mean": {
            "value": 0.00021652337782555002,
            "min": 0.00021652337782555002,
            "max": 0.00029765565078144996,
            "count": 54
        },
        "AgentBehavior.Policy.LearningRate.sum": {
            "value": 0.00043304675565110004,
            "min": 0.00021972302675900006,
            "max": 0.0005715054094981999,
            "count": 54
        },
        "AgentBehavior.Policy.Epsilon.mean": {
            "value": 0.17217444999999998,
            "min": 0.17217444999999998,
            "max": 0.19921855000000002,
            "count": 54
        },
        "AgentBehavior.Policy.Epsilon.sum": {
            "value": 0.34434889999999996,
            "min": 0.173241,
            "max": 0.3905018,
            "count": 54
        },
        "AgentBehavior.Policy.Beta.mean": {
            "value": 0.0036115050550000003,
            "min": 0.0036115050550000003,
            "max": 0.004961005645000001,
            "count": 54
        },
        "AgentBehavior.Policy.Beta.sum": {
            "value": 0.007223010110000001,
            "min": 0.0036647259,
            "max": 0.00952603982,
            "count": 54
        }
    },
    "metadata": {
        "timer_format_version": "0.1.0",
        "start_time_seconds": "1770419904",
        "python_version": "3.10.12 (main, Feb  4 2025, 14:57:36) [GCC 11.4.0]",
        "command_line_arguments": "/home/ale/unity-projects/Dungeon Escape/venv/bin/mlagents-learn Assets/Config/config.yaml --run-id Step1NewObservations --results-dir Assets/Training/ --force",
        "mlagents_version": "1.1.0",
        "mlagents_envs_version": "1.1.0",
        "communication_protocol_version": "1.5.0",
        "pytorch_version": "2.8.0+cu128",
        "numpy_version": "1.23.5",
        "end_time_seconds": "1770420157"
    },
    "total": 252.60730756599878,
    "count": 1,
    "self": 0.0022372840030584484,
    "children": {
        "run_training.setup": {
            "total": 0.011178831999131944,
            "count": 1,
            "self": 0.011178831999131944
        },
        "TrainerController.start_learning": {
            "total": 252.5938914499966,
            "count": 1,
            "self": 0.1008674879631144,
            "children": {
                "TrainerController._reset_env": {
                    "total": 4.316906526997627,
                    "count": 1,
                    "self": 4.316906526997627
                },
                "TrainerController.advance": {
                    "total": 248.14226346103533,
                    "count": 9709,
                    "self": 0.08531759833567776,
                    "children": {
                        "env_step": {
                            "total": 199.61074181486038,
                            "count": 9709,
                            "self": 193.63349524051955,
                            "children": {
                                "SubprocessEnvManager._take_step": {
                                    "total": 5.920684776137932,
                                    "count": 9709,
                                    "self": 0.4382485710120818,
                                    "children": {
                                        "TorchPolicy.evaluate": {
                                            "total": 5.48243620512585,
                                            "count": 4434,
                                            "self": 5.48243620512585
                                        }
                                    }
                                },
                                "workers": {
                                    "total": 0.05656179820289253,
                                    "count": 9708,
                                    "self": 0.0,
                                    "children": {
                                        "worker_root": {
                                            "total": 252.45115176980835,
                                            "count": 9708,
                                            "is_parallel": true,
                                            "self": 73.90234114615305,
                                            "children": {
                                                "run_training.setup": {
                                                    "total": 0.0,
                                                    "count": 0,