{
    "name": "root",
    "gauges": {
        "AgentBehavior.Policy.Entropy.mean": {
            "value": 1.5344562530517578,
            "min": 1.4964758157730103,
            "max": 1.5344562530517578,
            "count": 85
        },
        "AgentBehavior.Policy.Entropy.sum": {
            "value": 15320.0107421875,
            "min": 14492.322265625,
            "max": 17582.09765625,
            "count": 85
        },
        "AgentBehavior.Environment.EpisodeLength.mean": {
            "value": 73.38970588235294,
            "min": 65.68085106382979,
            "max": 95.62264150943396,
            "count": 85
        },
        "AgentBehavior.Environment.EpisodeLength.sum": {
            "value": 9981.0,
            "min": 8434.0,
            "max": 10806.0,
            "count": 85
        },
        "AgentBehavior.Step.mean": {
            "value": 849970.0,
            "min": 9960.0,
            "max": 849970.0,
            "count": 85
        },
        "AgentBehavior.Step.sum": {
            "value": 849970.0,
            "min": 9960.0,
            "max": 849970.0,
            "count": 85
        },
        "AgentBehavior.Policy.ExtrinsicValueEstimate.mean": {
            "value": 7.2339959144592285,
            "min": 3.3691322803497314,
            "max": 8.788276672363281,
            "count": 85
        },
        "AgentBehavior.Policy.ExtrinsicValueEstimate.sum": {
            "value": 1490.203125,
            "min": 683.933837890625,
            "max": 1845.34521484375,
            "count": 85
        },
        "AgentBehavior.Environment.CumulativeReward.mean": {
            "value": 9.106205873191357,
            "min": 1.1946167806598629,
            "max": 14.004493320782979,
            "count": 85
        },
        "AgentBehavior.Environment.CumulativeReward.sum": {
            "value": 1238.4439987540245,
            "min": 127.82399553060532,
            "max": 2100.673998117447,
            "count": 85
        },
        "AgentBehavior.Policy.ExtrinsicReward.mean": {
            "value": 9.106205873191357,
            "min": 1.1946167806598629,
            "max": 14.004493320782979,
            "count": 85
        },
        "AgentBehavior.Policy.ExtrinsicReward.sum": {
            "value": 1238.4439987540245,
            "min": 127.82399553060532,
            "max": 2100.673998117447,
            "count": 85
        },
        "AgentBehavior.IsTraining.mean": {
            "value": 1.0,
            "min": 1.0,
            "max": 1.0,
            "count": 85
        },
        "AgentBehavior.IsTraining.sum": {
            "value": 1.0,
            "min": 1.0,
            "max": 1.0,
            "count": 85
        },
        "AgentBehavior.Losses.PolicyLoss.mean": {
            "value": 0.022679369728333162,
            "min": 0.01654287236936701,
            "max": 0.03218565759016201,
            "count": 82
        },
        "AgentBehavior.Losses.PolicyLoss.sum": {
            "value": 0.022679369728333162,
            "min": 0.01654287236936701,
            "max": 0.03218565759016201,
            "count": 82
        },
        "AgentBehavior.Losses.ValueLoss.mean": {
            "value": 11.130881722768148,
            "min": 4.806336140632629,
            "max": 15.310451730092366,
            "count": 82
        },
        "AgentBehavior.Losses.ValueLoss.sum": {
            "value": 11.130881722768148,
            "min": 4.806336140632629,
            "max": 15.310451730092366,
            "count": 82
        },
        "AgentBehavior.Policy.LearningRate.mean": {
            "value": 0.00017356039214655005,
            "min": 0.00017356039214655005,
            "max": 0.00029846280051239996,
            "count": 82
        },
        "AgentBehavior.Policy.LearningRate.sum": {
            "value": 0.00017356039214655005,
            "min": 0.00017356039214655005,
            "max": 0.00029846280051239996,
            "count": 82
        },
        "AgentBehavior.Policy.Epsilon.mean": {
            "value": 0.15785345000000003,
            "min": 0.15785345000000003,
            "max": 0.19948760000000007,
            "count": 82
        },
        "AgentBehavior.Policy.Epsilon.sum": {
            "value": 0.15785345000000003,
            "min": 0.15785345000000003,
            "max": 0.19948760000000007,
            "count": 82
        },
        "AgentBehavior.Policy.Beta.mean": {
            "value": 0.002896887155,
            "min": 0.002896887155,
            "max": 0.004974431239999999,
            "count": 82
        },
        "AgentBehavior.Policy.Beta.sum": {
            "value": 0.002896887155,
            "min": 0.002896887155,
            "max": 0.004974431239999999,
            "count": 82
        }
    },
    "metadata": {
        "timer_format_version": "0.1.0",
        "start_time_seconds": "1770043655",
        "python_version": "3.10.12 (main, Feb  4 2025, 14:57:36) [GCC 11.4.0]",
        "command_line_arguments": "/home/ale/unity-projects/Dungeon Escape/venv/bin/mlagents-learn Assets/Config/config.yaml --run-id MovingDragonWithColumnsSpawnEndPlain --results-dir Assets/Training/ --initialize-from HitStillDragonNoColumnsNoDoor --force",
        "mlagents_version": "1.1.0",
        "mlagents_envs_version": "1.1.0",
        "communication_protocol_version": "1.5.0",
        "pytorch_version": "2.8.0+cu128",
        "numpy_version": "1.23.5",
        "end_time_seconds": "1770044084"
    },
    "total": 428.30204482299996,
    "count": 1,
    "self": 0.0025629319970903452,
    "children": {
        "run_training.setup": {
            "total": 0.011614748000283726,
            "count": 1,
            "self": 0.011614748000283726
        },
        "TrainerController.start_learning": {
            "total": 428.2878671430026,
            "count": 1,
            "self": 0.1930192908475874,
            "children": {
                "TrainerController._reset_env": {
                    "total": 7.478445661001388,
                    "count": 1,
                    "self": 7.478445661001388
                },
                "TrainerController.advance": {
                    "total": 420.596124398151,
                    "count": 21058,
                    "self": 0.17300535214235424,
                    "children": {
                        "env_step": {
                            "total": 332.6758563471212,
                            "count": 21058,
                            "self": 319.0008518980103,
                            "children": {
                                "SubprocessEnvManager._take_step": {
                                    "total": 13.559236753080768,
                                    "count": 21058,
                                    "self": 0.5303682539379224,
                                    "children": {
                                        "TorchPolicy.evaluate": {
                                            "total": 13.028868499142845,
                                            "count": 13386,
                                            "self": 13.028868499142845
                                        }
                                    }
                                },
                                "workers": {
                                    "total": 0.11576769603016146,
                                    "count": 21058,
                                    "self": 0.0,
                                    "children": {
                                        "worker_root": {
                                            "total": 428.0457533069839,
                                            "count": 21058,
                                            "is_parallel": true,
                                            "self": 129.0051936281816,
                                            "children": {
                                                "run_training.setup": {
                                                    "total": 0.0,