{
    "name": "root",
    "gauges": {
        "ExtrovertBehavior.Policy.Entropy.mean": {
            "value": 1.3985588550567627,
            "min": 1.398029088973999,
            "max": 1.421161413192749,
            "count": 999
        },
        "ExtrovertBehavior.Policy.Entropy.sum": {
            "value": 15395.3359375,
            "min": 9663.576171875,
            "max": 23045.63671875,
            "count": 999
        },
        "ExtrovertBehavior.Step.mean": {
            "value": 19999944.0,
            "min": 10009976.0,
            "max": 19999944.0,
            "count": 1000
        },
        "ExtrovertBehavior.Step.sum": {
            "value": 19999944.0,
            "min": 10009976.0,
            "max": 19999944.0,
            "count": 1000
        },
        "ExtrovertBehavior.Policy.ExtrinsicBaselineEstimate.mean": {
            "value": -6.554991722106934,
            "min": -8.444047927856445,
            "max": -4.676360607147217,
            "count": 1000
        },
        "ExtrovertBehavior.Policy.ExtrinsicBaselineEstimate.sum": {
            "value": -1252.00341796875,
            "min": -1632.60009765625,
            "max": -725.9000854492188,
            "count": 1000
        },
        "ExtrovertBehavior.Policy.ExtrinsicValueEstimate.mean": {
            "value": -6.636801719665527,
            "min": -8.429402351379395,
            "max": -4.577949523925781,
            "count": 1000
        },
        "ExtrovertBehavior.Policy.ExtrinsicValueEstimate.sum": {
            "value": -1267.629150390625,
            "min": -1635.3955078125,
            "max": -709.5821533203125,
            "count": 1000
        },
        "ExtrovertBehavior.IsTraining.mean": {
            "value": 1.0,
            "min": 1.0,
            "max": 1.0,
            "count": 1000
        },
        "ExtrovertBehavior.IsTraining.sum": {
            "value": 1.0,
            "min": 1.0,
            "max": 1.0,
            "count": 1000
        },
        "ExtrovertBehavior.Losses.PolicyLoss.mean": {
            "value": 0.10481016493091981,
            "min": 0.07131689554468418,
            "max": 0.20853875676790873,
            "count": 996
        },
        "ExtrovertBehavior.Losses.PolicyLoss.sum": {
            "value": 0.10481016493091981,
            "min": 0.07131689554468418,
            "max": 0.3706821559734332,
            "count": 996
        },
        "ExtrovertBehavior.Losses.ValueLoss.mean": {
            "value": 4.932098666826884,
            "min": 2.028688073158264,
            "max": 37.92273992697398,
            "count": 996
        },
        "ExtrovertBehavior.Losses.ValueLoss.sum": {
            "value": 4.932098666826884,
            "min": 2.028688073158264,
            "max": 37.92273992697398,
            "count": 996
        },
        "ExtrovertBehavior.Losses.BaselineLoss.mean": {
            "value": 4.997900120417277,
            "min": 2.1492721398671466,
            "max": 41.19499769210815,
            "count": 996
        },
        "ExtrovertBehavior.Losses.BaselineLoss.sum": {
            "value": 4.997900120417277,
            "min": 2.1492721398671466,
            "max": 41.19499769210815,
            "count": 996
        },
        "ExtrovertBehavior.Policy.LearningRate.mean": {
            "value": 1.0851996385998689e-07,
            "min": 1.0851996385998689e-07,
            "max": 0.0001497534500822,
            "count": 996
        },
        "ExtrovertBehavior.Policy.LearningRate.sum": {
            "value": 1.0851996385998689e-07,
            "min": 1.0851996385998689e-07,
            "max": 0.00029894020035330007,
            "count": 996
        },
        "ExtrovertBehavior.Policy.Epsilon.mean": {
            "value": 0.10003613999999997,
            "min": 0.10003613999999997,
            "max": 0.14991780000000002,
            "count": 996
        },
        "ExtrovertBehavior.Policy.Epsilon.sum": {
            "value": 0.10003613999999997,
            "min": 0.10003613999999997,
            "max": 0.29964670000000004,
            "count": 996
        },
        "ExtrovertBehavior.Policy.Beta.mean": {
            "value": 1.180338599999978e-05,
            "min": 1.180338599999978e-05,
            "max": 0.0025008982200000005,
            "count": 996
        },
        "ExtrovertBehavior.Policy.Beta.sum": {
            "value": 1.180338599999978e-05,
            "min": 1.180338599999978e-05,
            "max": 0.00499237033,
            "count": 996
        },
        "ExtrovertBehavior.Environment.EpisodeLength.mean": {
            "value": 176.66666666666666,
            "min": 105.8,
            "max": 313.625,
            "count": 998
        },
        "ExtrovertBehavior.Environment.EpisodeLength.sum": {
            "value": 14840.0,
            "min": 2116.0,
            "max": 20128.0,
            "count": 998
        },
        "ExtrovertBehavior.Environment.CumulativeReward.mean": {
            "value": -1.6093549913243403,
            "min": -6.024733071857028,
            "max": 0.789892752137449,
            "count": 998
        },
        "ExtrovertBehavior.Environment.CumulativeReward.sum": {
            "value": -127.13904431462288,
            "min": -331.3257654905319,
            "max": 28.436139076948166,
            "count": 998
        },
        "ExtrovertBehavior.Policy.ExtrinsicReward.mean": {
            "value": -16.079129878478714,
            "min": -31.616017712487114,
            "max": -11.228133648633957,
            "count": 998
        },
        "ExtrovertBehavior.Policy.ExtrinsicReward.sum": {
            "value": -1270.2512603998184,
            "min": -2696.626138806343,
            "max": -224.56267297267914,
            "count": 998
        },
        "ExtrovertBehavior.Environment.GroupCumulativeReward.mean": {
            "value": -9.594936708860759,
            "min": -15.0,
            "max": -5.75,
            "count": 998
        },
        "ExtrovertBehavior.Environment.GroupCumulativeReward.sum": {
            "value": -758.0,
            "min": -1500.0,
            "max": -148.0,
            "count": 998
        }
    },
    "metadata": {
        "timer_format_version": "0.1.0",
        "start_time_seconds": "1772289748",
        "python_version": "3.10.12 (main, Feb  4 2025, 14:57:36) [GCC 11.4.0]",
        "command_line_arguments": "/home/ale/unity-projects/Dungeon Escape/venv/bin/mlagents-learn Assets/Config/all_extroverts_config.yaml --run-id 4Extroverts --results-dir Assets/Training --resume",
        "mlagents_version": "1.1.0",
        "mlagents_envs_version": "1.1.0",
        "communication_protocol_version": "1.5.0",
        "pytorch_version": "2.8.0+cu128",
        "numpy_version": "1.23.5",
        "end_time_seconds": "1772294561"
    },
    "total": 4812.121365411998,
    "count": 1,
    "self": 0.00993452900002012,
    "children": {
        "run_training.setup": {
            "total": 0.010704492999138893,
            "count": 1,
            "self": 0.010704492999138893
        },
        "TrainerController.start_learning": {
            "total": 4812.100726389999,
            "count": 1,
            "self": 0.6444202563307044,
            "children": {
                "TrainerController._reset_env": {
                    "total": 8.636401884001316,
                    "count": 1,
                    "self": 8.636401884001316
                },
                "TrainerController.advance": {
                    "total": 4802.778654711663,
                    "count": 46686,
                    "self": 0.5712954044756771,
                    "children": {
                        "env_step": {
                            "total": 2863.811100960136,
                            "count": 46686,
                            "self": 2799.8266269540236,
                            "children": {
                                "SubprocessEnvManager._take_step": {
                                    "total": 63.5818692086541,