{
    "name": "root",
    "metadata": {
        "timer_format_version": "0.1.0",
        "start_time_seconds": "1770074956",
        "python_version": "3.10.12 (main, Feb  4 2025, 14:57:36) [GCC 11.4.0]",
        "command_line_arguments": "/home/ale/unity-projects/Dungeon Escape/venv/bin/mlagents-learn Assets/Config/config.yaml --run-id Step2AllRandomMoveForward --results-dir Assets/Training/ --initialize-from Step1AllRandom --force",
        "mlagents_version": "1.1.0",
        "mlagents_envs_version": "1.1.0",
        "communication_protocol_version": "1.5.0",
        "pytorch_version": "2.8.0+cu128",
        "numpy_version": "1.23.5",
        "end_time_seconds": "1770075016"
    },
    "total": 59.33946792200004,
    "count": 1,
    "self": 0.002677923002920579,
    "children": {
        "run_training.setup": {
            "total": 0.011510624997754348,
            "count": 1,
            "self": 0.011510624997754348
        },
        "TrainerController.start_learning": {
            "total": 59.325279373999365,
            "count": 1,
            "self": 0.0023677309618506115,
            "children": {
                "TrainerController._reset_env": {
                    "total": 4.243349461001344,
                    "count": 1,
                    "self": 4.243349461001344
                },
                "TrainerController.advance": {
                    "total": 55.03505978803514,
                    "count": 150,
                    "self": 0.0019526650721672922,
                    "children": {
                        "env_step": {
                            "total": 54.840554507980414,
                            "count": 150,
                            "self": 54.605558460971224,
                            "children": {
                                "SubprocessEnvManager._take_step": {
                                    "total": 0.23377055898527033,
                                    "count": 150,
                                    "self": 0.0041450819990132,
                                    "children": {
                                        "TorchPolicy.evaluate": {
                                            "total": 0.22962547698625713,
                                            "count": 95,
                                            "self": 0.22962547698625713
                                        }
                                    }
                                },
                                "workers": {
                                    "total": 0.0012254880239197519,
                                    "count": 149,
                                    "self": 0.0,
                                    "children": {
                                        "worker_root": {
                                            "total": 36.52190361399698,
                                            "count": 149,
                                            "is_parallel": true,
                                            "self": 5.37182512000436,
                                            "children": {
                                                "run_training.setup": {
                                                    "total": 0.0,
                                                    "count": 0,
                                                    "is_parallel": true,
                                                    "self": 0.0,
                                                    "children": {
                                                        "steps_from_proto": {
                                                            "total": 0.0011429969999880996,
                                                            "count": 1,
                                                            "is_parallel": true,
                                                            "self": 0.0002810890000546351,
                                                            "children": {
                                                                "_process_rank_one_or_two_observation": {
                                                                    "total": 0.0008619079999334645,
                                                                    "count": 4,
                                                                    "is_parallel": true,
                                                                    "self": 0.0008619079999334645
                                                                }
                                                            }
                                                        },
                                                        "UnityEnvironment.step": {
                                                            "total": 0.5318107940001937,
                                                            "count": 1,
                                                            "is_parallel": true,
                                                            "self": 8.20400018710643e-05,
                                                            "children": {
                                                                "UnityEnvironment._generate_step_input": {
                                                                    "total": 0.0006142290003481321,
                                                                    "count": 1,
                                                                    "is_parallel": true,
                                                                    "self": 0.0006142290003481321
                                                                },
                                                                "communicator.exchange": {
                                                                    "total": 0.5309432859976368,
                                                                    "count": 1,
                                                                    "is_parallel": true,
                                                                    "self": 0.5309432859976368
                                                                },
                                                                "steps_from_proto": {
                                                                    "total": 0.00017123900033766404,
                                                                    "count": 1,
                                                                    "is_parallel": true,
                                                                    "self": 5.7320001360494643e-05,
                                                                    "children": {
                                                                        "_process_rank_one_or_two_observation": {
                                                                            "total": 0.0001139189989771694,
                                                                            "count": 4,
                                                                            "is_parallel": true,
                                                                            "self": 0.0001139189989771694
                                                                        }
                                                                    }
                                                                }
                                                            }
                                                        }
                                                    }
                                                },
                                                "UnityEnvironment.step": {
                                                    "total": 31.150078493992623,
                                                    "count": 148,
                                                    "is_parallel": true,