{
    "name": "root",
    "gauges": {
        "AgentBehavior.Policy.Entropy.mean": {
            "value": 1.430526614189148,
            "min": 1.430526614189148,
            "max": 1.47112238407135,
            "count": 62
        },
        "AgentBehavior.Policy.Entropy.sum": {
            "value": 14282.3779296875,
            "min": 13778.80078125,
            "max": 16457.52734375,
            "count": 62
        },
        "AgentBehavior.Environment.EpisodeLength.mean": {
            "value": 42.171052631578945,
            "min": 41.043668122270745,
            "max": 57.430939226519335,
            "count": 62
        },
        "AgentBehavior.Environment.EpisodeLength.sum": {
            "value": 9615.0,
            "min": 9339.0,
            "max": 10395.0,
            "count": 62
        },
        "AgentBehavior.Step.mean": {
            "value": 619983.0,
            "min": 9992.0,
            "max": 619983.0,
            "count": 62
        },
        "AgentBehavior.Step.sum": {
            "value": 619983.0,
            "min": 9992.0,
            "max": 619983.0,
            "count": 62
        },
        "AgentBehavior.Policy.ExtrinsicValueEstimate.mean": {
            "value": 9.433895111083984,
            "min": 7.424745559692383,
            "max": 10.310930252075195,
            "count": 62
        },
        "AgentBehavior.Policy.ExtrinsicValueEstimate.sum": {
            "value": 2669.792236328125,
            "min": 1832.913818359375,
            "max": 2876.74951171875,
            "count": 62
        },
        "AgentBehavior.Policy.CuriosityValueEstimate.mean": {
            "value": 0.03817176818847656,
            "min": -0.5223155617713928,
            "max": 0.29291537404060364,
            "count": 62
        },
        "AgentBehavior.Policy.CuriosityValueEstimate.sum": {
            "value": 10.802610397338867,
            "min": -145.72604370117188,
            "max": 76.20747375488281,
            "count": 62
        },
        "AgentBehavior.Environment.CumulativeReward.mean": {
            "value": 12.213144117047172,
            "min": 9.642215439295157,
            "max": 13.07841864214387,
            "count": 62
        },
        "AgentBehavior.Environment.CumulativeReward.sum": {
            "value": 2796.8100028038025,
            "min": 1736.102002620697,
            "max": 2888.3740180134773,
            "count": 62
        },
        "AgentBehavior.Policy.ExtrinsicReward.mean": {
            "value": 12.213144117047172,
            "min": 9.642215439295157,
            "max": 13.07841864214387,
            "count": 62
        },
        "AgentBehavior.Policy.ExtrinsicReward.sum": {
            "value": 2796.8100028038025,
            "min": 1736.102002620697,
            "max": 2888.3740180134773,
            "count": 62
        },
        "AgentBehavior.Policy.CuriosityReward.mean": {
            "value": 0.09301769730760046,
            "min": 0.0,
            "max": 0.4346735554915825,
            "count": 62
        },
        "AgentBehavior.Policy.CuriosityReward.sum": {
            "value": 21.301052683440503,
            "min": 0.0,
            "max": 87.36938465380808,
            "count": 62
        },
        "AgentBehavior.IsTraining.mean": {
            "value": 1.0,
            "min": 1.0,
            "max": 1.0,
            "count": 62
        },
        "AgentBehavior.IsTraining.sum": {
            "value": 1.0,
            "min": 1.0,
            "max": 1.0,
            "count": 62
        },
        "AgentBehavior.Losses.PolicyLoss.mean": {
            "value": 0.015849312950740567,
            "min": 0.011366142000770196,
            "max": 0.0316456876307105,
            "count": 60
        },
        "AgentBehavior.Losses.PolicyLoss.sum": {
            "value": 0.015849312950740567,
            "min": 0.011366142000770196,
            "max": 0.0316456876307105,
            "count": 60
        },
        "AgentBehavior.Losses.ValueLoss.mean": {
            "value": 5.866630442937216,
            "min": 3.1102526982625327,
            "max": 6.709517733256022,
            "count": 60
        },
        "AgentBehavior.Losses.ValueLoss.sum": {
            "value": 5.866630442937216,
            "min": 3.1102526982625327,
            "max": 6.709517733256022,
            "count": 60
        },
        "AgentBehavior.Policy.LearningRate.mean": {
            "value": 0.00020750958083015004,
            "min": 0.00020750958083015004,
            "max": 0.0002984614505128499,
            "count": 60
        },
        "AgentBehavior.Policy.LearningRate.sum": {
            "value": 0.00020750958083015004,
            "min": 0.00020750958083015004,
            "max": 0.0002984614505128499,
            "count": 60
        },
        "AgentBehavior.Policy.Epsilon.mean": {
            "value": 0.16916985000000004,
            "min": 0.16916985000000004,
            "max": 0.19948715000000009,
            "count": 60
        },
        "AgentBehavior.Policy.Epsilon.sum": {
            "value": 0.16916985000000004,
            "min": 0.16916985000000004,
            "max": 0.19948715000000009,
            "count": 60
        },
        "AgentBehavior.Policy.Beta.mean": {
            "value": 0.0034615755149999994,
            "min": 0.0034615755149999994,
            "max": 0.0049744087849999995,
            "count": 60
        },
        "AgentBehavior.Policy.Beta.sum": {
            "value": 0.0034615755149999994,
            "min": 0.0034615755149999994,
            "max": 0.0049744087849999995,
            "count": 60
        },
        "AgentBehavior.Losses.CuriosityForwardLoss.mean": {
            "value": 0.10999935641884803,
            "min": 0.10511048883199692,
            "max": 0.97203781803449,
            "count": 60
        },
        "AgentBehavior.Losses.CuriosityForwardLoss.sum": {
            "value": 0.10999935641884803,
            "min": 0.10511048883199692,
            "max": 0.97203781803449,
            "count": 60
        },
        "AgentBehavior.Losses.CuriosityInverseLoss.mean": {
            "value": 1.9502569715181985,
            "min": 1.94040048122406,
            "max": 6.540887673695882,
            "count": 60
        },
        "AgentBehavior.Losses.CuriosityInverseLoss.sum": {
            "value": 1.9502569715181985,
            "min": 1.94040048122406,
            "max": 6.540887673695882,
            "count": 60
        }
    },
    "metadata": {
        "timer_format_version": "0.1.0",
        "start_time_seconds": "1770076723",
        "python_version": "3.10.12 (main, Feb  4 2025, 14:57:36) [GCC 11.4.0]",
        "command_line_arguments": "/home/ale/unity-projects/Dungeon Escape/venv/bin/mlagents-learn Assets/Config/config.yaml --run-id Step2AllRandomWithCuriosity --results-dir Assets/Training/ --initialize-from Step1AllRandom --force",
        "mlagents_version": "1.1.0",
        "mlagents_envs_version": "1.1.0",
        "communication_protocol_version": "1.5.0",
        "pytorch_version": "2.8.0+cu128",
        "numpy_version": "1.23.5",
        "end_time_seconds": "1770077342"
    },
    "total": 618.8494570600014,
    "count": 1,
    "self": 0.0027676329991663806,
    "children": {
        "run_training.setup": {
            "total": 0.011930192002182594,
            "count": 1,
            "self": 0.011930192002182594
        },
        "TrainerController.start_learning": {
            "total": 618.8347592350001,
            "count": 1,
            "self": 0.18650798535963986,
            "children": {
                "TrainerController._reset_env": {
                    "total": 5.286050778999197,
                    "count": 1,
                    "self": 5.286050778999197
                },
                "TrainerController.advance": {
                    "total": 613.3308525336397,
                    "count": 17967,
                    "self": 0.15872856716669048,