{
    "name": "root",
    "gauges": {
        "IntrovertBehavior.Policy.Entropy.mean": {
            "value": 1.375736117362976,
            "min": 1.375478744506836,
            "max": 1.4519108533859253,
            "count": 999
        },
        "IntrovertBehavior.Policy.Entropy.sum": {
            "value": 13735.349609375,
            "min": 8870.23046875,
            "max": 23346.41015625,
            "count": 999
        },
        "IntrovertBehavior.Step.mean": {
            "value": 9999940.0,
            "min": 9984.0,
            "max": 9999940.0,
            "count": 1000
        },
        "IntrovertBehavior.Step.sum": {
            "value": 9999940.0,
            "min": 9984.0,
            "max": 9999940.0,
            "count": 1000
        },
        "IntrovertBehavior.Policy.ExtrinsicBaselineEstimate.mean": {
            "value": -0.47390931844711304,
            "min": -11.771515846252441,
            "max": 1.3894221782684326,
            "count": 1000
        },
        "IntrovertBehavior.Policy.ExtrinsicBaselineEstimate.sum": {
            "value": -85.777587890625,
            "min": -2264.64306640625,
            "max": 262.6007995605469,
            "count": 1000
        },
        "IntrovertBehavior.Policy.ExtrinsicValueEstimate.mean": {
            "value": -0.5641703605651855,
            "min": -11.826446533203125,
            "max": 1.460760235786438,
            "count": 1000
        },
        "IntrovertBehavior.Policy.ExtrinsicValueEstimate.sum": {
            "value": -102.11483764648438,
            "min": -2275.47119140625,
            "max": 276.08367919921875,
            "count": 1000
        },
        "IntrovertBehavior.IsTraining.mean": {
            "value": 1.0,
            "min": 1.0,
            "max": 1.0,
            "count": 1000
        },
        "IntrovertBehavior.IsTraining.sum": {
            "value": 1.0,
            "min": 1.0,
            "max": 1.0,
            "count": 1000
        },
        "IntrovertBehavior.Losses.PolicyLoss.mean": {
            "value": 0.15397376973802845,
            "min": 0.06724268409016076,
            "max": 0.39578978533778963,
            "count": 996
        },
        "IntrovertBehavior.Losses.PolicyLoss.sum": {
            "value": 0.15397376973802845,
            "min": 0.06724268409016076,
            "max": 0.7915795706755793,
            "count": 996
        },
        "IntrovertBehavior.Losses.ValueLoss.mean": {
            "value": 10.310444847742717,
            "min": 3.7136061271031697,
            "max": 36.43022186756134,
            "count": 996
        },
        "IntrovertBehavior.Losses.ValueLoss.sum": {
            "value": 10.310444847742717,
            "min": 3.7136061271031697,
            "max": 72.86044373512269,
            "count": 996
        },
        "IntrovertBehavior.Losses.BaselineLoss.mean": {
            "value": 10.685343933105468,
            "min": 3.8441537698109944,
            "max": 66.20717156926791,
            "count": 996
        },
        "IntrovertBehavior.Losses.BaselineLoss.sum": {
            "value": 10.685343933105468,
            "min": 3.8441537698109944,
            "max": 132.41434313853583,
            "count": 996
        },
        "IntrovertBehavior.Policy.LearningRate.mean": {
            "value": 5.0019983360003295e-08,
            "min": 5.0019983360003295e-08,
            "max": 0.00029950848016384004,
            "count": 996
        },
        "IntrovertBehavior.Policy.LearningRate.sum": {
            "value": 5.0019983360003295e-08,
            "min": 5.0019983360003295e-08,
            "max": 0.0005978890807036399,
            "count": 996
        },
        "IntrovertBehavior.Policy.Epsilon.mean": {
            "value": 0.10001664000000005,
            "min": 0.10001664000000005,
            "max": 0.19983616,
            "count": 996
        },
        "IntrovertBehavior.Policy.Epsilon.sum": {
            "value": 0.10001664000000005,
            "min": 0.10001664000000005,
            "max": 0.3992963600000001,
            "count": 996
        },
        "IntrovertBehavior.Policy.Beta.mean": {
            "value": 1.0830336000000053e-05,
            "min": 1.0830336000000053e-05,
            "max": 0.004991824384,
            "count": 996
        },
        "IntrovertBehavior.Policy.Beta.sum": {
            "value": 1.0830336000000053e-05,
            "min": 1.0830336000000053e-05,
            "max": 0.009964888363999998,
            "count": 996
        },
        "IntrovertBehavior.Environment.EpisodeLength.mean": {
            "value": 265.54545454545456,
            "min": 109.8,
            "max": 383.25,
            "count": 998
        },
        "IntrovertBehavior.Environment.EpisodeLength.sum": {
            "value": 11684.0,
            "min": 1368.0,
            "max": 24136.0,
            "count": 998
        },
        "IntrovertBehavior.Environment.CumulativeReward.mean": {
            "value": 1.0618891334316383,
            "min": -46.89669455416879,
            "max": 2.1385364525158366,
            "count": 998
        },
        "IntrovertBehavior.Environment.CumulativeReward.sum": {
            "value": 47.78501100442372,
            "min": -877.331482933485,
            "max": 73.15294648025883,
            "count": 998
        },
        "IntrovertBehavior.Policy.ExtrinsicReward.mean": {
            "value": 7.207132468093187,
            "min": -191.08678213963867,
            "max": 23.975784450769424,
            "count": 998
        },
        "IntrovertBehavior.Policy.ExtrinsicReward.sum": {
            "value": 324.3209610641934,
            "min": -5429.325927764177,
            "max": 994.0037419497967,
            "count": 998
        },
        "IntrovertBehavior.Environment.GroupCumulativeReward.mean": {
            "value": 2.977777777777778,
            "min": -14.444444444444445,
            "max": 19.875,
            "count": 998
        },
        "IntrovertBehavior.Environment.GroupCumulativeReward.sum": {
            "value": 134.0,
            "min": -1920.0,
            "max": 888.0,
            "count": 998
        }
    },
    "metadata": {
        "timer_format_version": "0.1.0",
        "start_time_seconds": "1772273873",
        "python_version": "3.10.12 (main, Feb  4 2025, 14:57:36) [GCC 11.4.0]",
        "command_line_arguments": "/home/ale/unity-projects/Dungeon Escape/venv/bin/mlagents-learn Assets/Config/all_introverts_config.yaml --run-id 4Introverts_ReducedSocialization --results-dir Assets/Training",
        "mlagents_version": "1.1.0",
        "mlagents_envs_version": "1.1.0",
        "communication_protocol_version": "1.5.0",
        "pytorch_version": "2.8.0+cu128",
        "numpy_version": "1.23.5",
        "end_time_seconds": "1772278515"
    },
    "total": 4641.369768948,
    "count": 1,
    "self": 0.0034063719995174324,
    "children": {
        "run_training.setup": {
            "total": 0.009882193999942501,
            "count": 1,
            "self": 0.009882193999942501
        },
        "TrainerController.start_learning": {
            "total": 4641.356480382,
            "count": 1,
            "self": 0.6534564369912914,
            "children": {
                "TrainerController._reset_env": {
                    "total": 39.73560528500002,
                    "count": 1,
                    "self": 39.73560528500002
                },
                "TrainerController.advance": {
                    "total": 4600.925032446009,
                    "count": 46095,
                    "self": 0.5451275760342469,
                    "children": {
                        "env_step": {
                            "total": 2698.6019455859714,
                            "count": 46095,
                            "self": 2634.3043252259295,
                            "children": {
                                "SubprocessEnvManager._take_step": {
                                    "total": 63.89402820097325,