{
    "name": "root",
    "gauges": {
        "AgentBehavior.Policy.Entropy.mean": {
            "value": 1.3723945617675781,
            "min": 1.3561763763427734,
            "max": 1.3723945617675781,
            "count": 20
        },
        "AgentBehavior.Policy.Entropy.sum": {
            "value": 14427.984375,
            "min": 12287.8427734375,
            "max": 19080.919921875,
            "count": 20
        },
        "AgentBehavior.Environment.EpisodeLength.mean": {
            "value": 110.67123287671232,
            "min": 84.29213483146067,
            "max": 130.20224719101122,
            "count": 20
        },
        "AgentBehavior.Environment.EpisodeLength.sum": {
            "value": 8079.0,
            "min": 6978.0,
            "max": 11875.0,
            "count": 20
        },
        "AgentBehavior.Step.mean": {
            "value": 199998.0,
            "min": 9974.0,
            "max": 199998.0,
            "count": 20
        },
        "AgentBehavior.Step.sum": {
            "value": 199998.0,
            "min": 9974.0,
            "max": 199998.0,
            "count": 20
        },
        "AgentBehavior.Policy.ExtrinsicBaselineEstimate.mean": {
            "value": 6.617125988006592,
            "min": -0.14044858515262604,
            "max": 7.571882247924805,
            "count": 20
        },
        "AgentBehavior.Policy.ExtrinsicBaselineEstimate.sum": {
            "value": 1230.785400390625,
            "min": -27.387474060058594,
            "max": 1506.8045654296875,
            "count": 20
        },
        "AgentBehavior.Policy.ExtrinsicValueEstimate.mean": {
            "value": 6.6680989265441895,
            "min": 0.3583771288394928,
            "max": 7.325478553771973,
            "count": 20
        },
        "AgentBehavior.Policy.ExtrinsicValueEstimate.sum": {
            "value": 1240.266357421875,
            "min": 69.88353729248047,
            "max": 1480.6021728515625,
            "count": 20
        },
        "AgentBehavior.Environment.CumulativeReward.mean": {
            "value": 6.405369657767962,
            "min": 2.170112413839555,
            "max": 6.811297115844649,
            "count": 20
        },
        "AgentBehavior.Environment.CumulativeReward.sum": {
            "value": 467.59198501706123,
            "min": 154.0779813826084,
            "max": 567.1539778653532,
            "count": 20
        },
        "AgentBehavior.Policy.ExtrinsicReward.mean": {
            "value": 29.480627050955,
            "min": 18.033212971042943,
            "max": 29.480627050955,
            "count": 20
        },
        "AgentBehavior.Policy.ExtrinsicReward.sum": {
            "value": 2152.085774719715,
            "min": 1334.4577598571777,
            "max": 2609.955717086792,
            "count": 20
        },
        "AgentBehavior.Environment.GroupCumulativeReward.mean": {
            "value": 10.546875,
            "min": 9.35483870967742,
            "max": 10.6,
            "count": 20
        },
        "AgentBehavior.Environment.GroupCumulativeReward.sum": {
            "value": 675.0,
            "min": 565.0,
            "max": 935.0,
            "count": 20
        },
        "AgentBehavior.Losses.PolicyLoss.mean": {
            "value": 0.1550209799471001,
            "min": 0.11638961244995395,
            "max": 0.22089964672923088,
            "count": 20
        },
        "AgentBehavior.Losses.PolicyLoss.sum": {
            "value": 0.1550209799471001,
            "min": 0.11638961244995395,
            "max": 0.3364823750065019,
            "count": 20
        },
        "AgentBehavior.Losses.ValueLoss.mean": {
            "value": 19.212511777877808,
            "min": 16.523689397176106,
            "max": 65.66268145243326,
            "count": 20
        },
        "AgentBehavior.Losses.ValueLoss.sum": {
            "value": 19.212511777877808,
            "min": 16.523689397176106,
            "max": 103.65758749643962,
            "count": 20
        },
        "AgentBehavior.Losses.BaselineLoss.mean": {
            "value": 21.124148098627725,
            "min": 18.782940324147543,
            "max": 91.54591420491536,
            "count": 20
        },
        "AgentBehavior.Losses.BaselineLoss.sum": {
            "value": 21.124148098627725,
            "min": 18.782940324147543,
            "max": 123.78350213368734,
            "count": 20
        },
        "AgentBehavior.Policy.LearningRate.mean": {
            "value": 0.00027033330988890007,
            "min": 0.00027033330988890007,
            "max": 0.0002987659504113499,
            "count": 20
        },
        "AgentBehavior.Policy.LearningRate.sum": {
            "value": 0.00027033330988890007,
            "min": 0.00027033330988890007,
            "max": 0.0005863425045524999,
            "count": 20
        },
        "AgentBehavior.Policy.Epsilon.mean": {
            "value": 0.19011110000000006,
            "min": 0.19011110000000006,
            "max": 0.19958864999999998,
            "count": 20
        },
        "AgentBehavior.Policy.Epsilon.sum": {
            "value": 0.19011110000000006,
            "min": 0.19011110000000006,
            "max": 0.39544750000000006,
            "count": 20
        },
        "AgentBehavior.Policy.Beta.mean": {
            "value": 0.004506543890000001,
            "min": 0.004506543890000001,
            "max": 0.004979473635000001,
            "count": 20
        },
        "AgentBehavior.Policy.Beta.sum": {
            "value": 0.004506543890000001,
            "min": 0.004506543890000001,
            "max": 0.00977283025,
            "count": 20
        },
        "AgentBehavior.IsTraining.mean": {
            "value": 1.0,
            "min": 1.0,
            "max": 1.0,
            "count": 20
        },
        "AgentBehavior.IsTraining.sum": {
            "value": 1.0,
            "min": 1.0,
            "max": 1.0,
            "count": 20
        }
    },
    "metadata": {
        "timer_format_version": "0.1.0",
        "start_time_seconds": "1770648412",
        "python_version": "3.10.12 (main, Feb  4 2025, 14:57:36) [GCC 11.4.0]",
        "command_line_arguments": "/home/ale/unity-projects/Dungeon Escape/venv/bin/mlagents-learn Assets/Config/multiagent_config.yaml --run-id mapoca_test1 --results-dir Assets/Training --initialize-from Step4NewEnvironment --force",
        "mlagents_version": "1.1.0",
        "mlagents_envs_version": "1.1.0",
        "communication_protocol_version": "1.5.0",
        "pytorch_version": "2.8.0+cu128",
        "numpy_version": "1.23.5",
        "end_time_seconds": "1770648585"
    },
    "total": 172.62279424400003,
    "count": 1,
    "self": 0.002579541001978214,
    "children": {
        "run_training.setup": {
            "total": 0.011212687999432092,
            "count": 1,
            "self": 0.011212687999432092
        },
        "TrainerController.start_learning": {
            "total": 172.60900201499862,
            "count": 1,
            "self": 0.027202305012906436,
            "children": {
                "TrainerController._reset_env": {
                    "total": 5.483894053999393,
                    "count": 1,
                    "self": 5.483894053999393
                },
                "TrainerController.advance": {
                    "total": 167.01610914498633,
                    "count": 2411,
                    "self": 0.02372574797118432,
                    "children": {
                        "env_step": {
                            "total": 129.44614260397248,
                            "count": 2411,
                            "self": 126.77420698392598,
                            "children": {
                                "SubprocessEnvManager._take_step": {
                                    "total": 2.6547170429785183,
                                    "count": 2411,
                                    "self": 0.16615600202203495,